<?xml version="1.0" encoding="UTF-8"?>

<!--
    Document   : navigation.xml
    Created on : November 19, 2005, 10:40 PM
    Author     : cooper
    Description:
        Purpose of the document follows.
-->
<project name="Apple iTunes Podcast ROME Plug In">

  <title>Apple iTunes Podcast ROME Plug In</title>

  <body>
    <menu name="Overview">
      <item name="Download" href="https://feedpod.dev.java.net/servlets/ProjectDocumentList?folderID=2727"/>
      <item name="JavaDocs" href="/apidocs/com/sun/syndication/feed/module/itunes/package-summary.html"/>
      <item name="License" href="/license.html"/>
    </menu>
  </body>
</project>
