<?xml version="1.0" encoding="UTF-8"?>

<!--
    Document   : navigation.xml
    Created on : November 19, 2005, 10:26 PM
    Author     : cooper
    Description:
        Purpose of the document follows.
-->
<project name="Slash RSS ROME Plug In">

  <title>Slash RSS ROME Plug In</title>

  <body>
    <menu name="Overview">
      <item name="Download" href="https://feedpod.dev.java.net/servlets/ProjectDocumentList?folderID=2727"/>
      <item name="JavaDocs" href="/apidocs/com/totsp/xml/syndication/slash/package-summary.html"/>
      <item name="License" href="/license.html"/>
    </menu>
  </body>
</project>
